Land Area,Ocean Area,Environment,Species,Scientific name,1950,S_1950,1951,S_1951,1952,S_1952,1953,S_1953,1954,S_1954,1955,S_1955,1956,S_1956,1957,S_1957,1958,S_1958,1959,S_1959,1960,S_1960,1961,S_1961,1962,S_1962,1963,S_1963,1964,S_1964,1965,S_1965,1966,S_1966,1967,S_1967,1968,S_1968,1969,S_1969,1970,S_1970,1971,S_1971,1972,S_1972,1973,S_1973,1974,S_1974,1975,S_1975,1976,S_1976,1977,S_1977,1978,S_1978,1979,S_1979,1980,S_1980,1981,S_1981,1982,S_1982,1983,S_1983,1984,S_1984,1985,S_1985,1986,S_1986,1987,S_1987,1988,S_1988,1989,S_1989,1990,S_1990,1991,S_1991,1992,S_1992,1993,S_1993,1994,S_1994,1995,S_1995,1996,S_1996,1997,S_1997,1998,S_1998,1999,S_1999,2000,S_2000,2001,S_2001,2002,S_2002,2003,S_2003,2004,S_2004,2005,S_2005,2006,S_2006,2007,S_2007,2008,S_2008,2009,S_2009,2010,S_2010,2011,S_2011,2012,S_2012,2013,S_2013,2014,S_2014,2015,S_2015,2016,S_2016,2017,S_2017,2018,S_2018
Africa,Inland waters,Brackishwater,Aquatic plants,Aquatic plants,0,.,0,.,0,.,0,.,0,.,0,.,0,.,0,.,0,.,0,.,0,.,0,.,0,.,0,.,0,.,0,.,0,.,0,.,0,.,0,.,0,.,0,.,0,.,0,.,0,.,0,.,0,.,0,.,0,.,0,.,0,.,0,.,0,.,0,.,0,.,0,.,0,.,0,.,0,.,0,.,0,.,0,.,0,.,0,.,0,.,0,.,0,.,0,.,0,.,0,.,0,.,0,.,0,.,0,.,0,.,1,,0,.,0,.,0,.,0,.,0,.,0,.,0,.,0,.,0,.,0,.,0,.,0,.,0,.
Africa,Inland waters,Brackishwater,Crustaceans,Crustaceans,0,.,0,.,0,.,0,.,0,.,0,.,0,.,0,.,0,.,0,.,0,.,0,.,0,.,0,.,0,.,0,.,0,.,0,.,0,.,0,.,0,.,0,.,0,.,0,.,0,.,0,.,0,.,0,.,0,.,0,.,0,.,0,.,0,.,0,.,1,,5,,6,,7,,3,,3,,2,,2,F,6,,10,,11,,20,,25,,21,,20,F,50,,0,-,0,-,0,-,0,-,0,-,0,-,0,-,0,-,0,-,0,-,0,-,0,-,0,-,0,-,0,-,0,.,0,.,0,.,0,.
Africa,Inland waters,Brackishwater,Freshwater fishes,Freshwater fishes,700,F,700,F,1000,F,1200,F,1400,F,1650,F,1700,F,2000,F,2300,F,2450,F,2450,F,2800,F,2800,F,3200,F,3700,F,3400,F,3200,F,3050,F,3050,F,3200,F,3150,F,3700,F,4300,F,4904,F,4915,F,4930,F,6044,F,7213,F,8387,F,9562,F,10742,F,11931,F,13669,F,14290,F,13380,F,25660,F,25697,F,25714,F,26755,F,27202,F,26486,,26403,,28836,,23708,,27641,,34387,,43640,,56319,,88545,,142803,,204792,,202551,,215199,,255382,,265353,,332057,,293775,,339384,,434181.982,,434343.796,,612276.408,F,673077.186,F,748270.884,F,732197.562,,771692.735,F,832680.63,F,913117,F,923669,F,999960.36,F
Africa,Inland waters,Brackishwater,Diadromous fishes,Diadromous fishes,0,.,0,.,0,.,0,.,0,.,0,.,0,.,0,.,0,.,0,.,0,.,0,.,0,.,0,.,0,.,0,.,0,.,0,.,0,.,0,.,0,-,0,-,0,-,0,-,0,-,0,-,0,-,0,-,0,-,0,-,0,-,0,-,0,-,0,-,44,,34,,82,,69,,72,,53,,46,,22,,1,,0,-,22,,20,F,17,F,17,F,22,,15,,23,F,33,F,34,F,16,F,16,F,15,F,7,,45,,20.73,,16.2,,10.219,,3,,0.412,,0,-,0,-,0,-,0,-,0,-,26.86,
Africa,Inland waters,Brackishwater,Marine fishes,Marine fishes,0,.,0,.,0,.,0,.,0,.,0,.,0,.,0,.,0,.,0,.,0,.,0,.,0,.,0,.,0,.,0,.,0,.,0,.,0,.,0,.,0,.,0,.,0,.,0,.,0,.,0,.,0,.,0,.,0,.,0,.,0,.,0,.,0,.,0,.,22,,25,,30,,36,,32,,20,,19,,738,,728,,775,,770,,785,,1003,,2264,,3624,,2743,,10056,,873,,1273,,1790,,1813,,4193,,381,,604,,4384.71,,5357.948,,16282.391,,17676.529,,13754.066,,12278.35,,15168.676,,14344.1,F,24499,,30721,,24924.58,
Africa,Inland waters,Freshwater,Aquatic plants,Aquatic plants,0,.,0,.,0,.,0,.,0,.,0,.,0,.,0,.,0,.,0,.,0,.,0,.,0,.,0,.,0,.,0,.,0,.,0,.,0,.,0,.,0,.,0,.,0,.,0,.,0,.,0,.,0,.,0,.,0,.,0,.,0,.,0,.,0,.,0,.,0,.,0,.,0,.,0,.,0,.,0,.,0,.,0,.,0,.,0,.,0,.,0,.,0,.,0,.,0,.,0,.,0,.,0,.,0,.,0,.,0,.,10,F,50,,50,,70,,70,,101.6,,130.065,,142,,161.8,,143,,123,,236,,281.5,,281,
Africa,Inland waters,Freshwater,Crustaceans,Crustaceans,0,.,0,.,0,.,0,.,0,.,0,.,0,.,0,.,0,.,0,.,0,.,0,.,0,.,0,.,0,.,0,.,0,.,0,.,0,.,0,.,0,0,0,0,0,0,0,0,0,0,0,0,0,0,1,,5,,15,,18,,28,,35,,32,,33,,43,,49,,75,,70,,68,,57,,57,,63,,51,,74,,65,,74,,53,,42,,43,,49,,32,,32,,15,,10,,12,,7,,8,,12,,12,F,3.8,,3.8,,6.3,,8.3,F,5.5,F,4.09,,4.02,F,7.16,,4,
Africa,Inland waters,Freshwater,Diadromous fishes,Diadromous fishes,180,F,200,F,200,F,250,F,270,F,300,F,320,F,350,F,370,F,350,F,380,F,410,F,360,F,380,F,430,F,399,F,370,F,360,F,317,F,293,F,240,F,220,F,172,F,192,F,182,F,183,F,182,F,167,F,177,F,182,F,170,F,160,,157,,192,,557,F,630,F,787,F,804,F,1029,,1057,,1528,,1700,,1653,,1586,,1700,,1400,,1044,,1433,,1968,,1523,,1932,,1746,,1830,F,1976,,1244,,1213,,1262,F,1463,F,1714,,1417,,1789,,2072.1,,2458,,2980.3,F,3321.46,,3288.71,F,3895.4,F,4199,,5249.617,
Africa,Inland waters,Freshwater,Freshwater fishes,Freshwater fishes,1513,F,1674,F,2042,F,2239,F,2531,F,2816,F,2998,F,3276,F,3652,F,3974,F,4155,F,4573,F,4761,F,5347,F,6030,F,5704,F,5788,F,5825,F,6004,F,6359,F,6753,F,7415,F,8018,F,8625,F,8826,F,9045,F,10186,F,11300,F,12434,F,13556,F,14722,F,15895,F,17674,F,18771,F,22196,,24711,,27863,,28911,,38013,,58661,,43136,,47865,,51602,,45576,,45270,,50172,,58810,,50620,,51341,,76918,,84936,,93109,,107573,,108662,,142341,,130105.15,,211262.2,,210009.2,,270844.96,,318828.446,,497893.906,F,544353.202,,553795.707,,708891.614,,754722.373,,720724.63,,810046.84,,806148.95,,831605.937,
Africa,Inland waters,Freshwater,Marine fishes,Marine fishes,0,.,0,.,0,.,0,.,0,.,0,.,0,.,0,.,0,.,0,.,0,.,0,.,0,.,0,.,0,.,0,.,0,.,0,.,0,.,0,.,0,.,0,.,0,.,0,.,0,.,0,.,0,.,0,.,0,.,0,.,0,.,0,.,0,.,0,.,0,.,0,.,0,.,5,F,42,F,20,F,5,F,42,F,159,,170,F,203,,177,,298,,489,,266,,225,,311,,410,,317,,314,,360,,351,,19541,,27667,,59130,,59378,,27454,,30362,F,30375,F,26415,F,27269,F,42542,F,38993,F,28385,F,31622,F
Africa,Marine areas,Brackishwater,Crustaceans,Crustaceans,0,-,0,-,0,-,0,-,0,-,0,-,0,-,0,-,0,-,0,-,0,-,0,-,0,-,0,-,0,-,0,-,0,-,0,-,0,-,0,-,0,-,0,-,0,-,0,-,0,-,0,-,0,-,0,-,0,-,0,-,0,-,0,-,0,-,0,-,0,-,1,,1,,2,,2,,53,,60,,0,-,0,-,0,-,0,-,0,-,0,-,0,-,0,-,0,-,10,F,39,F,130,,40,F,10,F,3298,,423,,125,,350,,333,,1033.08,,1061.387,,1384,,6146.1,,7641.2,,280.2,,503.4,,724,,628.97,
Africa,Marine areas,Brackishwater,Diadromous fishes,Diadromous fishes,0,-,0,-,0,-,0,-,0,-,0,-,0,-,0,-,0,-,0,-,0,-,0,-,0,-,0,-,0,-,0,-,0,-,0,-,0,-,0,-,0,-,0,-,0,-,0,-,0,-,0,-,0,-,0,-,0,-,0,-,0,-,0,-,0,-,0,-,0,-,0,-,0,-,0,-,0,-,0,-,60,,35,,41,,68,,85,,55,,29,,21,,27,,28,,35,,28,,24,,24,,32,,29,,2,F,2,F,2,F,10,,8.5,,137,,231.188,,209.772,,222.593,,235.939,,403.481,,345.62,,355.693,
Africa,Marine areas,Brackishwater,Freshwater fishes,Freshwater fishes,0,.,0,.,0,.,0,.,0,.,0,.,0,.,0,.,0,.,0,.,0,.,0,.,0,.,0,.,0,.,0,.,0,.,0,.,0,.,0,.,0,-,0,-,0,-,0,-,0,-,0,-,0,-,0,-,0,-,0,-,0,-,0,-,0,-,0,-,0,-,0,-,0,-,0,-,10,,8,,5,,10,,0,-,0,-,0,-,0,-,1,,17,,17,,17,,27,,22,,15,,17,,7,,8,,0,-,0,-,9,,12,,16,,54.1,,58,,190,,264,,239,,262.8,,176,,56,
Africa,Marine areas,Brackishwater,Marine fishes,Marine fishes,0,.,0,.,0,.,0,.,0,.,0,.,0,.,0,.,0,.,0,.,0,.,0,.,0,.,0,.,0,.,0,.,0,.,0,.,0,.,0,.,0,.,0,.,7,F,46,F,82,F,116,F,147,F,175,F,200,F,222,F,242,F,259,F,277,F,294,F,300,F,1800,F,840,F,1782,F,3101,F,6265,F,6667,,9854,,9549,,8682,,9843,,16220,,22077,,19093,,32906,,46017,,90031,,98919,,115725,,139022,,136264,,162052,,214012,,228008,,159032.83,,161535.868,,120169.507,,117424.473,F,130411.846,F,120442.839,F,126571.433,F,153869.57,F,173119,F,263179,F,288457.06,F
Africa,Marine areas,Brackishwater,Miscellaneous aquatic animals,Miscellaneous aquatic animals,0,.,0,.,0,.,0,.,0,.,0,.,0,.,0,.,0,.,0,.,0,.,0,.,0,.,0,.,0,.,0,.,0,.,0,.,0,.,0,.,0,.,0,.,0,.,0,.,0,.,0,.,0,.,0,.,0,.,0,.,0,.,8,,33,,31,,30,,29,,30,,30,,30,,38,,30,,30,,20,,10,,5,,0,0,0,0,0,0,0,0,0,0,0,0,0,0,0,0,0,0,0,0,0,-,0,-,0,-,0,-,0,-,0,-,0,-,0,-,0,-,0,-,0,-,0,-,0,-,0,-
Africa,Marine areas,Brackishwater,Molluscs,Molluscs,0,-,0,-,0,-,0,-,0,-,0,-,0,-,0,-,0,-,0,-,0,-,0,-,0,-,0,-,0,-,0,-,4,F,10,F,16,F,22,F,128,,135,,241,,247,,151,,125,,146,,217,,204,,184,,254,,254,,281,F,194,F,254,,281,,283,,311,,560,,514,F,372,,408,,232,,280,,193,,329,,285,,347,,333,,232,,310,,234,,390,,331,,232,,373,,455,,910,,334.954,,382.574,,475.341,,401.903,,381.697,,415.366,,509.106,,473.76,,514,,601,,713.781,
Africa,Marine areas,Marine,Aquatic plants,Aquatic plants,0,-,0,-,0,-,0,-,0,-,0,-,0,-,0,-,0,-,0,-,0,-,0,-,0,-,0,-,0,-,0,-,0,-,0,-,0,-,0,-,0,-,0,-,0,-,0,-,0,-,0,-,0,-,0,-,0,-,0,-,0,-,0,-,0,-,0,-,0,-,0,-,0,-,0,-,0,-,1000,F,9080,,25970,,23255,,18697,,25607,,40197,,48789,,37697,,44083,,38195,,51642,,83592,,117188,,105561,,79492,,81147,,88480,,96217,,119241,,114061.95,,138227,,140989.8,,161316,,123032,,149225,,196447,,139102.6,,136481.51,,112533.57,
Africa,Marine areas,Marine,Crustaceans,Crustaceans,0,.,0,.,0,.,0,.,0,.,0,.,0,.,0,.,0,.,0,.,0,.,0,.,0,.,0,.,0,.,0,.,0,.,0,.,0,.,0,.,0,-,0,-,0,-,0,-,0,-,0,-,0,-,0,-,0,-,0,-,0,-,0,-,0,-,2,,3,,4,,6,,5,,4,,59,F,258,,224,,278,,1070,,734,,1826,,2797,,3136,,3235,,3836,,5353,,5803,,8306,,8550,,7879,,8621,,10164,,9519,,8892,,3635.2,,4668,F,5912.2,,4991.7,,5373,,4692,,3448,,4140,,5440,,4948.05,
Africa,Marine areas,Marine,Diadromous fishes,Diadromous fishes,0,.,0,.,0,.,0,.,0,.,0,.,0,.,0,.,0,.,0,.,0,.,0,.,0,.,0,.,0,.,0,.,0,.,0,.,0,.,0,.,0,.,0,.,0,.,0,.,0,.,2,F,9,F,17,F,25,F,33,F,41,F,50,F,58,F,66,F,0,0,0,.,0,.,0,.,0,.,0,.,0,.,0,.,0,.,0,.,0,.,0,.,0,.,0,.,0,.,0,.,0,.,0,.,0,.,0,.,0,.,0,.,0,.,0,.,0,.,0,.,0,.,0,.,0,.,0,.,0,.,0,.,0,.,0,.,28.5,
Africa,Marine areas,Marine,Freshwater fishes,Freshwater fishes,0,.,0,.,0,.,0,.,0,.,0,.,0,.,0,.,0,.,0,.,0,.,0,.,0,.,0,.,0,.,0,.,0,.,0,.,0,.,0,.,0,.,0,.,0,.,0,.,0,.,0,.,0,.,0,.,0,.,0,.,0,.,0,.,0,.,0,.,0,.,0,.,0,.,0,.,0,.,0,.,0,.,0,.,0,.,15,,7,,7,,2,,2,,2,,0,0,0,0,0,0,0,0,0,-,0,-,0,-,0,-,0,-,0,-,0,-,0,-,0,-,0,-,0,-,0,-,0,-,0,-,0,-,0,.
Africa,Marine areas,Marine,Marine fishes,Marine fishes,0,-,0,-,0,-,0,-,0,-,0,-,0,-,0,-,0,-,0,-,0,-,0,-,0,-,0,-,0,-,0,-,0,-,0,-,0,-,0,-,0,-,0,-,0,-,0,-,0,-,0,-,0,-,0,-,0,-,0,-,0,-,0,-,0,-,0,-,16,,36,,31,,31,F,31,,39,,461,,784,,1306,,1520,,2079,,2110,,1138,,903,,775,,959,,680,,595,,765,,1334,,1581,,2383,,1496,,1073,,895,,1381.1,,1112.17,,673,,1027,,1359.2,,1311,,1065.6,,1268,,1420.9,,2198.235,
Africa,Marine areas,Marine,Miscellaneous aquatic animal products,Miscellaneous aquatic animal products,0,.,0,.,0,.,0,.,0,.,0,.,0,.,0,.,0,.,0,.,0,.,0,.,0,.,0,.,0,.,0,.,0,.,0,.,0,.,0,.,0,.,0,.,0,.,0,.,0,.,0,.,0,.,0,.,0,.,0,.,0,.,0,.,0,.,0,.,0,.,0,.,0,.,0,.,0,.,0,.,0,.,0,.,0,.,0,.,0,.,0,.,0,.,0,.,0,.,0,.,0,.,0,.,0,.,0,.,0,.,0,.,0,.,0,.,0,.,0,.,0,.,0,.,0,.,0,.,0.1,,0.1,,0,.,0.1,,0,-
Africa,Marine areas,Marine,Miscellaneous aquatic animals,Miscellaneous aquatic animals,0,.,0,.,0,.,0,.,0,.,0,.,0,.,0,.,0,.,0,.,0,.,0,.,0,.,0,.,0,.,0,.,0,.,0,.,0,.,0,.,0,.,0,.,0,.,0,.,0,.,0,.,0,.,0,.,0,.,0,.,0,.,0,.,0,.,0,.,0,.,0,.,0,.,0,.,5,,10,,20,,35,,30,,0,.,0,.,0,.,0,.,0,.,0,.,0,.,0,.,0,.,0,.,0,.,0,.,0,.,1,F,1,F,1,F,1,F,1,F,1,F,1,F,1,F,1,F,25,,36.75,,100.64,,62.53,F
Africa,Marine areas,Marine,Molluscs,Molluscs,0,.,0,.,0,.,0,.,0,.,0,.,0,.,0,.,0,.,0,.,0,.,0,.,0,.,0,.,0,.,0,.,0,.,0,.,0,.,0,.,0,0,0,0,0,0,0,0,9,,9,,9,,12,,14,,14,,13,,11,,10,,6,,17,,202,,204,,460,,592,,1159,,1803,,2451,,2712,,2890,,3279,,2659,,2099,,3032,,3194,,2784,,1083,,1299,,1306,,1590,,1817,,1701,,1876.5,,1751.5,,2476.6,,2392.1,,2558.78,,2339.45,,2886.82,,3487.39,,3959.12,,4428.59,,5341.95,,4720.72,,5016.71,
Americas,Inland waters,Brackishwater,Crustaceans,Crustaceans,0,.,0,.,0,.,0,.,0,.,0,.,0,.,0,.,0,.,0,.,0,.,0,.,0,.,0,.,0,.,0,.,0,.,0,.,0,.,0,.,0,.,0,.,0,.,0,.,0,.,0,.,0,.,0,.,0,.,0,.,0,.,0,.,0,.,0,.,0,.,0,.,0,.,0,.,0,.,0,.,0,.,0,.,0,.,0,.,0,.,0,.,0,.,0,.,0,.,0,.,0,.,0,.,0,.,0,.,0,.,511,,952,,766,,876,,808,,0,.,0,.,0,.,0,.,0,.,0,.,0,-,0,-,0,-
Americas,Inland waters,Brackishwater,Freshwater fishes,Freshwater fishes,0,-,0,-,0,-,0,-,0,-,0,-,0,-,0,-,0,-,0,-,0,-,0,-,0,-,0,-,0,-,0,-,0,-,0,-,0,-,0,-,0,-,0,-,0,-,0,-,0,-,0,-,100,,100,,100,,0,-,82,,53,,72,,113,,102,,78,,78,,119,,70,,99,,78,,95,F,109,F,144,F,1242,,702,,652,,355,,393,,701,,578,,568,,776,,643,F,690,F,1591,,1699,,1044,,445,,404.96,,23,,15.54,,2.529,,4.869,,60.194,,27.83,,76.514,,676.176,,616.464,
Americas,Inland waters,Brackishwater,Marine fishes,Marine fishes,0,.,0,.,0,.,0,.,0,.,0,.,0,.,0,.,0,.,0,.,0,.,0,.,0,.,0,.,0,.,0,.,0,.,0,.,0,.,0,.,0,.,0,.,0,.,0,.,0,.,0,.,0,.,0,.,0,.,0,.,0,.,0,.,0,.,0,.,0,.,0,.,0,.,0,.,0,.,0,.,0,.,0,.,0,.,0,.,46,,19,,20,,20,,0,.,0,.,0,.,0,.,0,.,0,.,0,.,0,.,0,.,0,.,0,.,0,.,0,.,0,.,0,.,0,.,0,.,0,.,0,.,0,.,0,.
Americas,Inland waters,Freshwater,Aquatic plants,Aquatic plants,0,-,0,-,0,-,0,-,0,-,0,-,0,-,0,-,0,-,0,-,0,-,0,-,0,-,0,-,0,-,0,-,0,-,0,-,0,-,0,-,0,-,0,-,0,-,0,-,0,-,0,-,0,-,0,-,0,-,0,-,0,-,0,-,0,-,0,-,0,-,0,-,0,-,0,-,0,-,0,-,0,-,0,-,0,-,0,-,0,-,0,-,0,-,0,-,0,-,0,-,0,-,0,-,0,-,0,-,0,-,0,-,4633,,2719,,6016,,41,,17,,225,,15,,53.33,,31.76,,43.52,,20.14,,74,,473.03,
Americas,Inland waters,Freshwater,Crustaceans,Crustaceans,3,F,4,F,10,F,10,F,10,F,10,F,20,F,20,F,30,F,40,F,50,F,70,F,90,F,120,F,160,F,210,F,270,F,360,F,470,F,620,F,810,F,1110,F,1474,F,2009,F,2706,F,3616,F,4982,,7445,,6657,,10659,F,11960,,18043,F,26399,,31515,,28665,,31301,,46132,,45335,,32250,,32431,,34518,,29848,,31211,,28056,,24992,,27536,,22363,,23588,,17987,,20072,,8534,,14660,,28598,,34345,,32641.5,,36170.161,,38944.515,,52704.914,,53848.74,,47544.841,,53451.49,,53908.31,,44179.532,,48764.285,,61176.58,,63954.24,,68166.428,,64229.396,,73238.394,
Americas,Inland waters,Freshwater,Diadromous fishes,Diadromous fishes,0,-,0,-,0,-,0,-,0,-,0,-,0,-,0,-,0,-,0,-,15,F,60,F,206,F,505,F,792,F,2475,,4195,F,5753,F,7235,F,8657,F,10070,F,11303,F,12602,F,13914,F,15113,F,16295,F,17454,F,18563,F,16031,F,12531,,23239,,22811,F,23454,,25173,F,25900,,27419,,30342,,34364,,36746,,37034,,41351,,43088,,37720,,38543,,37254,,47432,,43777,,54661,,49350,,58010,,56650,,54738,,53117,,48581,,51426,,60886,,57063,,48551,,52665,,83588.3,,90153.67,,101875,,126150.9,,127160.66,,149586.12,,97241.45,,118681.721,,127956.806,,134424.244,
Americas,Inland waters,Freshwater,Freshwater fishes,Freshwater fishes,5027,F,5175,F,5327,F,5484,F,5645,F,5887,F,6139,F,6373,F,6677,F,7042,F,7068,F,7980,F,8594,F,9344,F,10184,F,23989,,12539,F,14073,F,15818,F,12675,F,27434,,23451,F,26621,F,31329,F,35364,F,50737,,46196,F,44185,F,41218,F,38589,,57840,,98271,F,128076,,136342,F,157142,,162941,,192055,,214353,,210709,,232055,,223327,,241985,,294718,,304116,,301774,,321114,,385334,,432991,,464444,,519429,,542588,,565066,,613448,,636658,,647059,,648589,,652537.49,,678145.2,,686741.29,,726102.99,,765833.29,,742516.43,,788778.558,,810698.982,,932515.725,F,915993.338,F,962498.137,F,979699.785,F,1003804.487,F
Americas,Inland waters,Freshwater,Marine fishes,Marine fishes,0,.,0,.,0,.,0,.,0,.,0,.,0,.,0,.,0,.,0,.,0,.,0,.,0,.,0,.,0,.,0,.,0,.,0,.,0,.,0,.,0,-,0,-,0,-,0,-,0,-,0,-,0,-,0,-,0,-,0,-,0,-,0,-,0,-,0,-,2000,,1900,,2000,,2000,,1900,,2000,,1000,,2000,,1000,,750,,309,,670,,360,,218,,216,,217,,250,,11,,2,,1,,1,,2,,3,,0,.,0,.,0,.,0,.,0,.,0,.,0,.,0,.,0,.,0,.,0,.,0,.
Americas,Inland waters,Freshwater,Miscellaneous aquatic animals,Miscellaneous aquatic animals,0,-,0,-,0,-,0,-,0,-,0,-,0,-,0,-,0,-,0,-,0,-,0,-,0,-,0,-,0,-,0,-,0,-,0,-,0,-,0,-,0,-,0,-,0,-,0,-,0,-,0,-,0,-,0,-,0,-,0,-,0,-,0,-,0,-,0,-,40,,100,,110,,130,,120,,80,,140,,120,F,150,F,230,F,230,F,414,,521,,639,,665,,679,,811,,693,,735,,728,,728,,797,,820,,746,,949,F,968,F,871,F,899.85,F,891.03,F,743.05,F,857,F,821.1,F,663.979,F,705.835,F,591.157,F
Americas,Inland waters,Freshwater,Molluscs,Molluscs,0,.,0,.,0,.,0,.,0,.,0,.,0,.,0,.,0,.,0,.,0,.,0,.,0,.,0,.,0,.,0,.,0,.,0,.,0,.,0,.,0,-,0,-,0,-,0,-,0,-,0,-,0,-,0,-,0,-,0,-,0,-,2,F,4,F,8,F,10,,15,,15,,4,,5,,4,,5,,5,,6,,8,,9,,12,,15,,16,,11,,12,,10,,11,F,11,F,11,F,0,-,0,-,0,-,0,-,0,-,0,-,0,-,0,-,0,-,0,-,0,-,0,-,0,-,0,-,0,-
Americas,Marine areas,Brackishwater,Crustaceans,Crustaceans,0,-,0,-,0,-,0,-,0,-,0,-,0,-,0,-,0,-,0,-,0,-,0,-,0,-,0,-,0,-,0,-,0,-,0,-,0,-,10,F,50,F,50,F,200,F,505,F,1012,F,1561,F,2121,F,3450,F,3956,F,4845,F,9460,F,12627,F,22704,F,37321,F,35736,,33752,,48377,,75911,,84386,,84802,,95996,,127379,,143200,,121355,,134856,,154110,,152422,,183434,,204425,,184286,,123957,,141756,,170452,,202632,,242450,,224029,,273600,,262066.3,F,265550.4,F,275269.74,,323232.84,,370312.4,F,401946.4,,425330.19,,470460.221,F,507064.98,,525383.255,,709536.998,F,638793.329,F
Americas,Marine areas,Brackishwater,Freshwater fishes,Freshwater fishes,0,.,0,.,0,.,0,.,0,.,0,.,0,.,0,.,0,.,0,.,0,.,0,.,0,.,0,.,0,.,0,.,0,.,0,.,0,.,0,.,0,.,0,.,0,.,0,.,0,.,0,.,0,.,0,.,0,.,0,.,0,.,0,.,0,.,0,.,0,-,0,-,0,-,0,-,0,-,0,-,0,-,0,-,0,-,0,-,1,,1,F,1,F,1,F,1,,372,,522,,469,F,469,F,415,F,0,.,0,.,0,-,1,,10,,6.1,,2.7,,11.3,,4.7,,1.7,,1.7,,1.7,,2.3,,5,F,5,F
Americas,Marine areas,Brackishwater,Marine fishes,Marine fishes,0,.,0,.,0,.,0,.,0,.,0,.,0,.,0,.,0,.,0,.,0,.,0,.,0,.,0,.,0,.,0,.,0,.,0,.,0,.,0,.,0,.,0,.,0,.,0,.,0,.,0,.,0,.,0,.,0,.,0,.,0,.,0,.,0,.,0,.,0,.,571,,657,,521,,484,,484,,484,,3,,314,,401,,989,,388,,505,,291,,441,,352,,265,,315,,331,,437,,293,,297,,278,,338,,307,,439.3,,413.6,,346,,559,,308,F,351.881,F,755.11,,712.24,,703,F,704.89,F
Americas,Marine areas,Brackishwater,Molluscs,Molluscs,0,.,0,.,0,.,0,-,0,-,0,-,0,-,0,-,0,-,0,-,0,-,0,-,0,-,0,-,0,-,0,-,0,-,0,-,0,-,0,-,0,-,0,-,0,-,0,-,0,-,0,-,0,-,0,-,0,-,0,-,0,-,0,-,0,-,0,-,0,-,0,-,0,-,0,-,0,-,0,-,0,-,0,-,0,-,0,-,97,,5,,181,,6,,7,,11,,975,,1111,,324,,817,,609,,3328,,2376,,10,,1163,,1200.3,,1041,,619,,2605,,2441.46,,9403.54,,2733.01,,1747.018,,7376.985,,3379.648,
Americas,Marine areas,Marine,Aquatic plants,Aquatic plants,0,-,0,-,0,-,0,-,0,-,0,-,0,-,0,-,0,-,0,-,0,-,0,-,0,-,0,-,0,-,0,-,0,-,0,-,0,-,0,-,2,F,12,F,31,F,117,F,175,F,258,F,373,F,534,F,755,F,1054,F,1455,F,1990,F,3060,,1237,,6800,,5024,,5432,,9278,,23144,,36190,,38158,,57719,,47832,,48709,,65812,,49235,,105481,,102928,,68671,,31627,,33577,,65603,,71824,,40099,,20278,,15507,,33595.7,,23678,,22013.8,,88684.1,,12907.4,,15209.9,,5005.55,,13270.5,,13566.4,,12712.18,,15637.49,,17522.23,,21511.2,
Americas,Marine areas,Marine,Crustaceans,Crustaceans,0,-,0,-,0,-,0,-,0,-,0,-,0,-,0,-,0,-,0,-,0,-,0,-,0,-,0,-,0,-,0,-,0,-,0,-,0,-,0,-,0,-,0,-,0,-,8,F,19,F,38,F,66,F,115,F,168,F,245,F,557,F,860,,1221,,406,,2167,,2030,,2911,,4969,,5516,,5697,,5969,,8903,,9230,,8637,,10069,,8827,,11352,,17177,,15474,,24579,,33362,,50165,,73338,,103132,,91930,,161866,,186251,,187524,,210665,,201426,,184150,,194143,,190972.8,,140410,,171339.95,,221162.54,,206733.027,,89130.66,F,248867.242,
Americas,Marine areas,Marine,Diadromous fishes,Diadromous fishes,200,,200,,200,,200,,300,,100,,100,,100,,100,,100,,100,,100,,105,,113,,120,,163,,206,F,246,F,284,F,319,F,350,F,390,F,420,F,450,F,419,F,449,F,477,F,510,F,587,F,599,F,767,,853,F,1002,,812,F,1767,,2700,,3410,,6817,,16795,,30161,,52504,,77458,,101705,,123891,,147050,,195466,,256744,,315000,,328389,,317470,,446741,,629746,,619167,,625282,F,676698,F,711719,F,764799,F,713594,F,760284,F,706037,,564614,F,751725,,910720,,875061,,1010732,,990249,,892434,,1007841.12,,1040588.87,
Americas,Marine areas,Marine,Marine fishes,Marine fishes,0,-,0,-,0,-,0,-,0,-,0,-,0,-,0,-,0,-,0,-,0,-,0,-,0,-,0,-,0,-,0,-,0,-,0,-,0,-,0,-,0,-,0,-,0,-,0,-,0,-,0,-,0,-,0,-,0,-,0,-,0,-,0,-,0,-,0,-,50,,0,-,0,-,207,,200,,66,,95,,10,,15,,10,,20,,7,,10,,15,,107,,2455,,2069,,2475,F,2519,F,793,,5781,,6563.7,,6936.8,,6024.4,,5990,,5790,,4824.03,,6441.38,,4764.021,,11297.447,,13548.099,,12610.574,,13675.449,,11171.774,,17319.583,
Americas,Marine areas,Marine,Molluscs,Molluscs,59393,,65817,F,75897,,77344,,84307,F,96434,F,95442,F,92178,F,86562,F,99017,F,100343,F,97521,F,104277,F,116052,F,116052,F,109188,F,100619,F,110466,F,111136,F,98528,F,134777,F,134687,F,138832,F,131265,F,121505,F,156500,,123918,F,113665,F,107409,F,92346,,94945,,116690,F,114712,F,109599,F,150053,,145251,,149317,,142073,,137548,,131091,,93012,,127986,,143231,,148365,,145567,,162868,,144883,,162404,,179979,,206751,,206122,,238089,,237947,,281366,,392443,,320507,,382290,,408597.252,,430311.048,,416575.2,,526014.84,,552029.06,,518973.38,,544217.47,,528749.793,,462083.39,,572354.23,,601883.873,F,636857.329,
Asia,Inland waters,Brackishwater,Crustaceans,Crustaceans,0,.,0,.,0,.,0,.,0,.,0,.,0,.,0,.,0,.,0,.,0,.,0,.,0,.,0,.,0,.,0,.,0,.,0,.,0,.,0,.,0,.,0,.,0,.,0,.,0,.,0,.,0,.,0,.,0,.,0,.,0,.,0,.,0,.,0,.,0,-,0,-,0,-,0,-,0,-,0,-,0,-,0,-,0,-,0,-,0,-,0,-,0,-,3,,0,-,0,-,0,-,0,-,0,-,0,-,0,-,0,-,0,-,0,-,0,-,0,-,0,-,0,-,0,-,0,-,34,,27,,1.7,,24.2,,0,-
Asia,Inland waters,Brackishwater,Diadromous fishes,Diadromous fishes,0,.,0,.,0,.,0,.,0,.,0,.,0,.,0,.,0,.,0,.,0,.,0,.,0,.,0,.,0,.,0,.,0,.,0,.,0,.,0,.,0,.,0,.,0,.,0,.,0,.,0,.,0,.,0,.,0,.,0,.,0,.,0,.,0,.,0,.,0,.,0,.,0,.,0,.,0,.,0,.,779,,4698,,36,,14,,3,,0,-,0,-,0,-,0,-,0,-,0,-,0,-,0,-,0,-,0,-,0,-,0,-,0,-,0,-,0,-,0,-,0,-,0,-,0,-,0,-,0,-,0,-,0,.,6300,
Asia,Inland waters,Brackishwater,Freshwater fishes,Freshwater fishes,0,.,0,.,0,.,0,.,0,.,0,.,0,.,0,.,0,.,0,.,0,.,0,.,0,.,0,.,0,.,0,.,0,.,0,.,0,.,0,.,0,.,0,.,0,.,0,.,0,.,0,.,0,.,0,.,0,.,0,.,0,.,0,.,0,.,0,.,54,,13,,17,,45,,1,,1,,0,-,0,-,0,-,0,-,0,-,0,-,0,-,50,F,187,,537,,519,,461,,481,,802,,712,,435,,880,,493,,484,,442,,622,,504,,461,,467,,500,F,465,F,390.76,F,380,F,392,F
Asia,Inland waters,Brackishwater,Marine fishes,Marine fishes,0,.,0,.,0,.,0,.,0,.,0,.,0,.,0,.,0,.,0,.,0,.,0,.,0,.,0,.,0,.,0,.,0,.,0,.,0,.,0,.,0,.,0,.,0,.,0,.,0,.,0,.,0,.,0,.,0,.,0,.,0,.,0,.,0,.,0,.,0,.,0,.,0,.,0,.,0,.,0,.,20,,0,0,0,0,18,,50,,81,,559,,154,,23,,6,,0,-,0,-,0,-,0,-,0,-,0,-,0,-,0,-,0,-,0,-,0,-,0,.,0,.,0,.,0,.,0,.,0,.,0,.,0,.
Asia,Inland waters,Freshwater,Aquatic plants,Aquatic plants,0,-,0,-,0,-,0,-,0,-,0,-,0,-,0,-,0,-,0,-,0,-,0,-,0,-,0,-,0,-,0,-,0,-,0,-,0,-,0,-,0,-,0,-,0,-,0,-,65,,93,,79,,110,,58,,74,,115,,70,,72,,96,,762,,841,,667,,846,,886,,379,,340,,347,,340,,386,,207,,374,,376,,305,,248,,233,,314,,0,-,0,-,16483,F,40557,F,53147,F,55972,,67022,,62422,,69891,F,93639,F,69024,F,73107,F,74648,F,77790,F,81206,F,73402,,71940,,69590,
Asia,Inland waters,Freshwater,Crustaceans,Crustaceans,36,F,56,F,56,F,78,F,75,F,78,F,86,F,84,F,84,F,89,F,80,F,89,,70,F,49,,45,F,35,,14,,7,,10,,25,F,35,,38,,56,,49,,72,,121,,183,F,388,F,679,F,1973,,2190,F,3376,F,4608,F,6033,F,9591,,8371,,12146,,22032,,23826,,27338,,33380,,43838,,41592,,46536,,61201,,76377,,123500,,159416,F,191898,F,252335,F,419639,F,505795,F,549687,F,1015138,F,1184383,F,1246131,F,1468548,,1792201,,1873085,,2023642.22,F,2178099.68,F,2159073.15,F,2265690.39,F,2307940.97,F,2434487.75,F,2544351.45,F,2793463.01,,3062528.834,,3579062.688,
Asia,Inland waters,Freshwater,Diadromous fishes,Diadromous fishes,3977,,5186,,6943,,8482,,8973,,10216,,11996,,13377,,17219,,16899,,17750,,20331,,20203,,22899,,28740,,32174,,34182,,38690,,48988,,50402,,45794,,48308,,50992,,60864,,66726,,70689,,82806,,88730,,95914,,108401,,121193,,125190,,136820,,141824,,198859,,155147,,135705,,146509,,159606,,211865,,242155,,256723,,266316,,284685,,293781,,285045,,305911,,325342,,311317,,311880,,319577,,319292,,334867,,395666,,417257,,418166,,484875,,547292,,547280,,579287.3,F,605058.12,,643448.66,,686207.17,,720498.14,,696686.41,,789577.57,,817291.505,,869794.267,,897790.413,
Asia,Inland waters,Freshwater,Freshwater fishes,Freshwater fishes,168216,F,224199,F,254443,F,307353,F,419195,F,474107,F,505411,F,736575,F,729533,F,788135,F,702510,F,564528,F,540231,F,599087,F,653678,F,788875,F,815216,F,811503,F,814482,F,896206,F,963990,F,1030854,F,1064437,F,1146860,F,1230171,F,1315810,F,1334502,F,1400172,F,1461960,F,1564353,,1718130,,1939333,,2173124,,2481445,,2957384,,3679270,,4338834,,5031097,,5632905,,5959085,,6278100,,6661459,,7594950,,8814736,,10506502,,12251179,,13831233,,14589672,F,14959960,F,15969703,F,16480082,F,17406497,F,18526870,F,18934910,F,20777677.6,F,22163985.97,F,23566544,,24987215.4,,27160218,,28346757.33,F,29929579.21,F,30978948.34,F,33111670.66,F,35412026.85,F,36988933.29,F,38520378.22,F,40136744.56,,41377505.29,,42478302.95,
Asia,Inland waters,Freshwater,Marine fishes,Marine fishes,1660,,1612,,1879,,1735,F,2018,,1742,F,1544,F,1230,F,1437,F,1304,F,1299,F,1438,,1319,F,1368,,1986,F,1567,,1375,,1883,,1761,,2135,F,2497,,2139,,2174,,1629,,1395,,1520,,1520,,1511,,2178,,2219,,1997,,1885,,2282,,1950,,2044,,1995,,1780,,2468,,2464,,3527,,2318,,2023,,2204,,6433,,5529,,6499,,5857,,5747,,5704,,6215,,4237,,3653,,4004,,4339,,7805,,10443,,8295,,7098,,10596,,6533,F,6898,,8370.7,,8798.1,,13642.41,,19591.78,,18786,,14979.985,,17983.827,,22917.28,
Asia,Inland waters,Freshwater,Miscellaneous aquatic animal products,Miscellaneous aquatic animal products,0,.,0,.,0,.,0,.,0,.,0,.,0,.,0,.,0,.,0,.,0,.,0,.,0,.,0,.,0,.,0,.,0,.,0,.,0,.,0,.,0,.,0,.,0,.,0,.,0,.,0,.,0,.,0,.,0,.,6,,6,,6,,6,,6,,5.289,,3.787,,2.444,,2.233,,1.634,,0.944,,0.702,,0.682,,0.237,,0.135,,0.153,,0.165,,0.19,,0.204,,0.214,,0.187,,0.181,,0.178,,0.198,,0,.,0.076,,0.113,,4857.099,,5144.362,,4573.446,,3321.113,F,2999.05,F,2179.085,F,2321.081,F,1803.085,F,1801.085,F,1632.083,F,1588.852,,3893.283,,702.618,
Asia,Inland waters,Freshwater,Miscellaneous aquatic animals,Miscellaneous aquatic animals,43,,37,,33,,33,,9,,9,,11,,12,,11,,12,,18,,22,,23,,29,,29,,33,F,44,F,61,F,74,F,90,F,117,,208,,332,,501,,350,,401,,836,,1004,,1446,,1011,,998,,1396,,1466,,1983,,688,,653,,715,,768,,785,,1144,,989,,992,,1809,,3526,,6992,,20675,,36074,,45767,F,63162,F,79729,F,87677,F,107552,F,109484,F,209088,F,222439,F,248723,F,294019,,314075,,348617,,390292,F,416912.3,F,428155.164,F,459308,F,479547.253,F,473558.9,F,476098.24,F,509271.306,,516195.989,,527632.129,
Asia,Inland waters,Freshwater,Molluscs,Molluscs,0,-,0,-,0,-,0,-,0,-,0,-,0,-,0,-,0,-,0,-,0,-,0,-,0,-,0,-,0,-,2,,6,,14,,13,,50,F,64,,329,,605,,870,,1014,,1376,,3383,,5636,,5943,,5944,,6416,,6781,,7697,,7790,,9147,,9686,,10344,,9380,,10834,,9917,,16451,,13118,,11175,,11702,,11201,,10309,,11848,,13025,,13224,,11247,,10244,,10422,,13403,,169441,F,181978,F,190728,F,222471,,223200,,247100,,251152,F,265879,F,266545.2,F,264060,F,259435.53,F,521243.91,F,259543.5,F,257849.96,,224061.532,,206926.541,
Asia,Marine areas,Brackishwater,Aquatic plants,Aquatic plants,0,.,0,.,0,.,0,.,100,F,100,F,100,F,100,F,100,F,100,F,100,F,110,,106,,104,,76,,80,,593,,1048,,2527,,1752,,1547,,1917,,3245,,5316,,6347,,6614,,7517,,7316,,12180,,11175,,9680,,10710,,9703,,10120,,10036,,9972,,9208,,5479,,6576,,8647,,10552,,9241,,11034,,7924,,6104,,8254,,9924,,12576,,14766,,15324,,19325,,23607,,26738,,22189,,21691,,46648,,125943,F,252202,,214331,,176251,,520469,,635654.55,,779666.5,,978446,,1106473.6,,1162628,,1359049.24,,1060285.6,,116582.93,
Asia,Marine areas,Brackishwater,Crustaceans,Crustaceans,1579,F,1839,F,3109,,1666,F,1796,F,2422,F,2236,F,2521,F,3031,F,3098,F,3336,F,3624,F,4061,F,2863,F,2958,F,3699,F,3640,F,5163,F,5605,F,8907,,8939,F,11519,F,14113,,16523,,19975,,20358,,28565,,39625,,48729,,56956,,60848,,74310,,88268,,104827,,134892,,178754,,269150,,413075,,486276,,531072,,577385,,700166,,745423,,706492,,740526,,801670,,789574,,781096,,825818,,923457,,1085584,,1241848,,1366455,,1553681,,1723432,,1959942,F,2225268,,2331888,,2439636,,2563306.9,,2567493.37,,2863748.612,,2942210.216,,3119214.902,,3420036.69,,3574835.251,,3862724.645,,4466550.186,,4636576.576,
Asia,Marine areas,Brackishwater,Diadromous fishes,Diadromous fishes,56213,,58802,,63620,,73145,,76037,,87256,,87975,,93973,,106259,,112301,,113680,,123679,,120208,,118412,,126748,,123252,,133461,,130488,,148876,,145518,,154812,,158648,,154928,,156665,,169133,,170746,,169426,,176429,,182160,,195385,,223618,,290786,,318100,,345402,,264779,,276143,,286129,,308291,,320261,,318726,,407575,,390256,,316365,,316175,,325845,,326956,,360905,,328984,,349871,,404565,,438533,,462070,,473098,,482216,,496447,,520993,,485623,,542107,,560594,,614831.969,,701225.98,,761131.83,,802733.99,,893395.31,,903393.72,,944296.24,,1001608.505,,971581.339,,1115189.461,
Asia,Marine areas,Brackishwater,Freshwater fishes,Freshwater fishes,3485,F,3832,F,4129,F,4226,F,4572,F,4619,F,4756,F,4603,F,4509,F,5164,F,5354,F,5445,,5155,F,5374,F,5071,F,4903,F,4848,F,4942,F,5424,F,5463,F,5523,F,6405,F,6045,F,10807,,11682,,9482,,10240,,9455,,14936,,16036,,15264,,22028,,19530,,30644,,38358,,23680,,37952,,49260,,45962,F,46913,,57402,,50003,,46095,,50686,,59137,,60982,,65293,,49250,,68554,,48660,,55746,,97198,,86584,,135783,,127459,,152671,,198369,,182060,,200975,F,219748.3,,228324.8,,209760.2,,204841.12,,276705.85,,343923.1,,347032.67,,477098.523,,322839.025,,318490.52,
Asia,Marine areas,Brackishwater,Marine fishes,Marine fishes,1445,F,1495,F,1610,F,1740,F,1762,F,1749,F,1882,F,1952,F,1892,F,2098,F,2140,F,2220,F,2217,F,2240,F,2507,F,3079,,2467,F,2576,F,2669,,2773,F,2750,F,2902,,2693,F,3356,F,4131,,5329,,6540,,7605,,7596,,8884,,7286,,9357,,9077,,8882,,10824,,11136,,13877,,16627,,17777,,17984,,22454,,25906,,29229,,36555,,40890,,40685,,44894,,55194,,50501,,54607,,52483,,53622,,68062,,74287,,86764,,93464,,153672,,124377,,264800,F,208367.87,F,197661,,277032.49,,294538.1,,286401.204,,303530.13,,236248.07,,245780.84,,252764.857,,298124.109,
Asia,Marine areas,Brackishwater,Miscellaneous aquatic animals,Miscellaneous aquatic animals,0,.,0,.,0,.,0,.,0,.,0,.,0,.,0,.,0,.,0,.,0,.,0,.,0,.,0,.,0,.,0,.,0,.,0,.,0,.,0,.,0,.,0,.,0,.,0,.,0,.,0,.,0,.,0,.,0,.,0,.,0,.,0,.,0,.,0,.,0,.,0,.,0,.,0,.,0,.,0,.,0,.,0,.,0,.,0,.,0,.,0,.,0,.,0,.,0,.,0,.,0,.,0,.,0,.,0,.,0,.,0,.,0,.,0,.,30,F,32,F,35,F,105,F,110,F,112,F,110,F,100,F,100,F,100,F,50,F
Asia,Marine areas,Brackishwater,Molluscs,Molluscs,0,.,0,.,0,.,0,.,0,.,0,.,0,.,0,.,0,.,0,.,0,.,221,,254,F,351,,360,F,382,,71,,95,,259,,282,F,511,,226,,1384,,2038,,2242,,2156,,1934,,1824,,1996,,541,,1238,,2847,,3123,,7108,,9727,,10517,,9411,,7440,,17906,,12008,,13362,,14228,,18465,,13102,,14450,,15038,,16895,,23450,,27066,,26134,,27313,,28742,,31110,,31419,,27296,,23838,,48924,,35952,,51371,,50980.87,,58434.02,,58731.2,,61779.04,,55980.12,,59416.52,,63937.9,,38391.796,,52129.533,,49182.238,
Asia,Marine areas,Marine,Aquatic plants,Aquatic plants,34636,,36286,,53426,,50324,,57426,,73410,,84090,,133009,,132035,,292421,,460859,,509960,,522688,,590087,,695066,,723220,,882200,,945515,,983468,,1085774,,1142831,,1424566,,1600774,,1653012,,1930572,,1876144,,1934735,,2542472,,2817775,,2782802,,3074532,,2948139,,2913022,,3259871,,3666893,,3758847,,3835712,,3690388,,4188953,,4591261,,4115400,,5086525,,6576513,,7641818,,7965078,,7868472,,8378466,,8098520,,9173101,,10158515,,10468238,,10757534,,11664594,,12425834,,13711734,,14626362,,15331976,,15892943,,16833623,,18199461,F,19394089.1,F,20893746.9,F,23629240,F,26784876.2,F,27683951,F,29587383.3,F,30042233.55,,31310650.54,,32045781.65,
Asia,Marine areas,Marine,Crustaceans,Crustaceans,0,-,0,-,0,-,8,,98,,113,,79,,101,,128,,130,,112,,106,,141,,191,,167,,321,,400,,330,,337,,298,,301,,317,,568,,774,,932,,954,,1104,,1144,,1261,,1563,,1617,,1743,,2093,,2070,,2362,,2417,,2711,,3335,,3394,,3231,,3059,,2989,,2847,,2495,,2017,,3495,,4671,,5929,,6563,,8863,,9362,,11911,,13175,,79531,F,100131,F,131100,F,139936,,155575,,157562,,169511.14,F,159603.35,F,153342.76,F,158402.727,F,163527.152,F,172394.79,F,186261.164,F,208065.945,,222151.5,,197899.827,
Asia,Marine areas,Marine,Diadromous fishes,Diadromous fishes,0,-,0,-,0,-,0,-,0,-,0,-,0,-,0,-,0,-,0,-,0,-,0,-,0,-,0,-,0,-,0,-,0,-,0,-,0,-,0,-,0,-,5,,10,,25,,46,,59,,72,,70,,83,,460,,1950,,1261,,2323,,3074,,5334,,7268,,8329,,12988,,17248,,20664,,24836,,28194,,27332,,22931,,24141,,15311,,10939,,14210,,20058,,24321,,27510,,29396,,31111,,37910,,53921,,62448,,80787,,101248,,104157,,109398.49,,121174.82,,121638.3,,137872.96,,149349.743,,154301.8,,150918.814,,151641.491,,154176.753,,170161.319,
Asia,Marine areas,Marine,Freshwater fishes,Freshwater fishes,0,.,0,.,0,.,0,.,0,.,0,.,0,.,0,.,0,.,0,.,0,.,0,.,0,.,0,.,0,.,0,.,0,.,0,.,0,.,0,.,0,.,0,.,0,.,0,.,0,.,0,.,0,.,0,.,0,.,0,.,0,.,0,.,0,.,0,.,0,-,0,-,0,-,0,-,0,-,0,-,0,-,0,-,0,-,0,-,0,-,0,-,0,-,163,,87,,82,,44,,79,,12,,27,,5,,0,0,45,,13,,0.098,,24,,26.2,,44.48,,57.179,,78.304,,71.4,,129.007,,207.327,,136.162,,145.569,
Asia,Marine areas,Marine,Marine fishes,Marine fishes,60,,70,,70,,119,,74,,89,,85,,134,,315,,566,,1852,,2620,,5046,,5616,,10973,,15829,,17922,,21870,,32715,,33824,,44363,,63540,,79667,,84470,,97809,,99128,,110632,,128235,,139335,,174676,,173128,,179876,,179854,,199399,,196331,,205342,,213437,,242636,,263198,,258669,,283213,,299503,,307641,,325362,,371285,,434493,,461310,,546615,,598644,,623904,,700583,F,766439,F,852688,F,864047,F,902594,F,1008333,F,1061201,,1140674,,1235656.215,,1242930.29,F,1269528.277,F,1363711.394,F,1458537.13,F,1551611.565,F,1631672.403,F,1776812.708,F,1858371.697,,2075099.881,,2099886.176,
Asia,Marine areas,Marine,Miscellaneous aquatic animal products,Miscellaneous aquatic animal products,0,.,0,.,0,.,0,.,0,.,0,.,27,,26,,41,,48,,49,,81,,69,,83,,86,,99,,118,,125,,112,,97,,85,,49,,42,,34,,30,,30,,34,,39,,37,,40,,42,,46,,52,,58,,64.16,,61.655,,66.554,,65.995,,70.325,,69.125,,70.339,,67.921,,68.752,,72.711,,64.892,,63.33,,56.565,,48.307,,28.893,,24.576,,29.905,,34.516,,31.91,,2923.557,,13046.21,,16406.846,,16409.842,F,16058.356,F,19701.205,,15901.749,,58116.068,,48479.003,,17280.363,,29119.864,,44417.007,,37526.286,,51429.605,,60249.372,,24886.379,
Asia,Marine areas,Marine,Miscellaneous aquatic animals,Miscellaneous aquatic animals,0,-,0,-,0,-,0,-,0,-,0,-,0,-,2,F,7,F,16,F,20,F,27,F,36,F,51,F,72,F,103,F,146,F,268,,246,,198,,6211,F,6381,F,5923,F,9684,F,8291,,7322,,9704,,10166,,10870,,10185,,11083,,12316,,13867,,16437,F,23281,,29236,,31888,,29240,,35420,,51534,,43928,,29633,,28159,,47150,,86213,,59004,,33169,,52915,,87857,F,70464,,67056,,75114,,77270,F,122377,F,153369,F,176740,F,170631,,191756,,266301,,330639,F,373488,F,285132.73,F,318557.91,F,349376.46,F,355289.09,F,367352.2,F,397309.574,,407517.299,,387304.51,
Asia,Marine areas,Marine,Molluscs,Molluscs,73040,,112060,,172905,,211668,,226590,F,241807,F,217164,,309405,,276915,,298002,,353721,,321429,,354391,,452688,,430805,,436652,,490088,,523841,,566241,,559351,,563254,,644383,,682277,,690320,,713680,,851244,,960991,,1166795,,1116183,,1102850,,1205596,,1246428,,1242683,,1326458,,1421231,,1630953,,1861464,,2232016,,2584669,,2675474,,2804604,,2952899,,3668895,,4821538,,5848371,,7269715,,7516409,,7151262,F,7342172,F,8107335,F,8636300,F,9180401,F,9822417,F,10060293,F,10431021,F,10780238,F,11169858,,11545408,,11532843,,11897941,F,12152840.96,F,12198447.42,F,12812077.59,F,13397904.68,F,13869125.47,F,14340101.06,F,15240438.26,,15656522.99,,15827173,
Europe,Inland waters,Brackishwater,Diadromous fishes,Diadromous fishes,0,.,0,.,0,.,0,.,0,.,0,.,0,.,0,.,0,.,0,.,0,.,0,.,0,.,0,.,0,.,0,.,0,.,0,.,0,.,0,.,0,-,0,-,0,-,0,-,0,-,1,F,3,F,7,F,10,F,13,F,16,F,20,F,24,F,28,F,30,,12,,150,,139,,136,,550,,424,,465,,473,,621,,562,,439,,353,,496,,346,,66,,30,,105,,248,,180,,104,,24,,0,-,0,-,0,-,0,-,0,-,0,-,0,-,0,-,2.865,,18.128,,0,-,0,.,1.4,
Europe,Inland waters,Brackishwater,Freshwater fishes,Freshwater fishes,0,-,0,-,0,-,0,-,0,-,0,-,0,-,0,-,0,-,0,-,0,-,0,-,0,-,0,-,0,-,0,-,0,-,0,-,0,-,0,-,0,-,0,-,0,-,0,-,0,-,0,-,0,-,0,-,0,-,0,-,0,-,10,F,50,F,100,F,195,,295,,300,,300,,300,,300,,200,,300,F,571,,358,F,0,-,0,-,0,-,0,-,0,-,0,-,0,-,0,-,0,-,0,-,3,,0,-,0,-,0,-,3,,0,-,0,-,0,-,0,-,0,-,0,-,0,.,0,.,0,.,0,.
Europe,Inland waters,Brackishwater,Marine fishes,Marine fishes,0,.,0,.,0,.,0,.,0,.,0,.,0,.,0,.,0,.,0,.,0,.,0,.,0,.,0,.,0,.,0,.,0,.,0,.,0,.,0,.,0,.,0,.,0,.,0,.,0,.,0,.,0,.,0,.,0,.,0,.,0,.,0,.,0,.,0,.,0,.,0,.,0,.,0,.,0,.,0,.,0,.,0,.,0,.,0,.,0,.,0,.,0,.,0,.,0,.,0,.,0,.,0,.,5,,10,,0,.,0,.,0,-,0,-,0,-,0,-,0,-,0,-,0,-,0,-,0,-,0,-,0,-,0,.,0,.
Europe,Inland waters,Freshwater,Aquatic plants,Aquatic plants,0,-,0,-,0,-,0,-,0,-,0,-,0,-,0,-,0,-,0,-,0,-,0,-,0,-,0,-,0,-,0,-,0,-,0,-,0,-,0,-,0,-,0,-,0,-,0,-,0,-,0,-,0,-,0,-,0,-,0,-,0,-,0,-,0,-,0,-,0,-,0,-,0,-,0,-,0,-,0,-,0,-,0,-,0,-,0,-,0,-,0,-,0,-,0,-,0,-,0,-,0,-,3,,0,-,0,-,0,-,0,-,0,-,0,-,0,-,0,-,0,-,198,,174,,93,,126,,148.012,,104.242,,107.245,,95.87,
Europe,Inland waters,Freshwater,Crustaceans,Crustaceans,0,.,0,.,0,.,0,.,0,.,0,.,0,.,0,.,0,.,0,.,0,.,0,.,0,.,0,.,0,.,0,.,0,.,0,.,0,.,0,.,0,-,0,-,0,-,0,-,0,-,0,-,0,-,0,-,0,-,0,-,0,-,0,-,0,-,1,,7,,4,,6,,3116,,2711,,2709,,2534,,2241,,31,,30,,35,,54,,35,,38,,44,,53,,49,,57,,47,,49,,57,,54,,27,,36,F,38,F,38.495,F,44.26,,57.737,,34.538,F,62.294,,30.609,,31.08,,85.501,,58.803,,37.66,
Europe,Inland waters,Freshwater,Diadromous fishes,Diadromous fishes,4101,,4631,,5158,,5607,,6243,,8408,,9830,,9779,,11206,,12961,,13811,,17614,,19904,,22466,,26004,,32847,,34833,,37249,,43802,,43344,,45853,,51756,,58179,,59593,,66350,,72235,,72804,,76732,,85241,,94787,,100978,,112799,,124327,,129178,,131517,,136792,,143918,,155690,,187220,,184986,,195933,,199055,,206048,,209065,,223445,,232388,,236257,,245083,,242428,,238295,,240364,,252022,,234852,,236466,,228281,,217137,,220454.32,,229170.6,,227802.14,,218340.338,,224417.947,,207400.144,,208803.7,,209555.086,,210522.121,,204396.932,,224071.408,,228886.417,,220325.023,
Europe,Inland waters,Freshwater,Freshwater fishes,Freshwater fishes,20140,,23400,,28042,,33167,,31243,,33991,,35422,,44191,F,42941,,48064,,53400,,60335,,59226,,62679,,70297,,71618,,77254,,83676,,84391,,90202,,88723,,91806,,106870,,108390,,118684,,120333,,123174,,129739,,121552,,116875,,123952,,136210,,148161,,144760,,146333,,145405,,153967,,147881,,416399,,465708,,511746,,328544,,323649,,281759,,241447,,212562,,194894,,188848,,195263,,210304,,214379,,226968,,233832,,245467,,239689,,242793,,222582.73,,239334.2,,250688.243,,254127.093,,244848.96,,239729.565,,256092.45,,251228.27,,261050.187,,260293.712,,277145.255,,281322.229,,287318.046,
Europe,Inland waters,Freshwater,Marine fishes,Marine fishes,0,.,0,.,0,.,0,.,0,.,0,.,0,.,0,.,0,.,0,.,0,.,0,.,0,.,0,.,0,.,0,.,0,.,0,.,0,.,0,.,0,-,0,-,0,-,0,-,0,-,0,-,0,-,0,-,0,-,0,-,920,,0,-,0,-,0,-,0,-,240,,211,,241,,285,,251,,288,,251,,251,,251,,300,,69,,29,,27,,73,,28,,23,,25,,59,,35,,64,,31,,32,,17,,32,,77,F,53,,152.2,F,140.2,F,58.7,F,6.4,,8,,2,,0,-,0,-
Europe,Inland waters,Freshwater,Miscellaneous aquatic animals,Miscellaneous aquatic animals,0,-,0,-,0,-,0,-,0,-,0,-,0,-,0,-,0,-,0,-,0,-,0,-,0,-,0,-,0,-,0,-,0,-,0,-,0,-,0,-,0,-,0,-,0,-,0,-,0,-,0,-,0,-,0,-,0,-,0,-,0,-,0,-,0,-,0,-,0,-,0,-,0,-,0,-,0,-,0,-,0,-,0,-,0,-,0,-,0,-,0,-,0,-,0,-,0,-,3,,0,-,0,-,0,-,0,-,0,-,0,-,25,F,25,F,55,F,102,F,302.1,F,3,F,3,F,3,F,4.12,F,4,F,411,,56,,197,
Europe,Marine areas,Brackishwater,Aquatic plants,Aquatic plants,0,.,0,.,0,.,0,.,0,.,0,.,0,.,0,.,0,.,0,.,0,.,0,.,0,.,0,.,0,.,0,.,0,.,0,.,0,.,0,.,0,.,0,.,0,.,0,.,0,.,0,.,0,.,0,.,0,.,0,.,0,.,0,.,0,.,0,.,0,.,0,.,0,.,0,.,0,.,0,.,5000,,5000,,5000,,5000,,5000,,5000,,5000,,5000,,3000,,3000,,3000,,0,.,0,-,0,-,0,-,0,-,0,-,0,-,0,.,0,.,0,.,0,.,0,.,0,.,0,.,0,.,1.788,,5,,5,
Europe,Marine areas,Brackishwater,Crustaceans,Crustaceans,0,.,0,.,0,.,0,.,0,.,0,.,0,.,0,.,0,.,0,.,0,.,0,.,0,.,0,.,0,.,0,.,0,.,0,.,0,.,0,.,0,.,0,.,0,.,0,.,0,.,0,.,0,.,0,.,0,.,0,.,0,.,0,.,0,.,0,.,0,-,3,,11,,13,,14,,35,,38,,54,,36,,24,,58,,38,,51,,42,,46,,39,,47,,32,,40.06,,49.1,,117,,141,,182,,138,,94.62,,118.1,,129.5,,195.905,,214,,142.323,,223.701,,315.798,,276.118,,285.517,,383.9,F
Europe,Marine areas,Brackishwater,Diadromous fishes,Diadromous fishes,55,,75,,74,,86,F,103,F,110,F,128,F,136,F,156,F,166,F,177,F,200,F,213,F,228,F,250,F,283,F,313,F,329,F,338,F,375,F,413,F,440,F,430,F,488,F,759,,671,F,779,F,864,F,1625,,1901,F,3475,,3910,,4786,,5757,,6889,,8242,,8784,,10433,,14681,,15363,,15494,,17095,,16835,,15194,,14719,,15375,,15832,,14510,,14674,,14144,,14814,,14528,,13895,,14432,,15269,,16995,,13392,,13793,,14963.23,,15450.8,,14865.99,,14579.848,,17356.09,,17849.203,,19063.872,,20368.006,,25403.86,,28665.73,,30417.533,
Europe,Marine areas,Brackishwater,Freshwater fishes,Freshwater fishes,0,.,0,.,0,.,0,.,0,.,0,.,0,.,0,.,0,.,0,.,0,.,0,.,0,.,0,.,0,.,0,.,0,.,0,.,0,.,0,.,0,.,0,.,0,.,0,.,0,.,0,.,0,.,0,.,0,.,0,.,0,.,0,.,0,.,0,.,0,-,0,-,0,-,0,-,0,-,0,-,3,,0,-,0,-,11,,5,,94,,490,,225,,78,,433,,323,,332,,137,,352,,312,,317,,293,,305,,0,-,28,,0,-,0,-,0,-,0,-,0,-,0,-,0,-,0,-,0,-
Europe,Marine areas,Brackishwater,Marine fishes,Marine fishes,105,,120,,146,,170,F,200,F,240,F,280,F,320,F,370,F,420,F,480,F,540,F,600,F,670,F,740,F,820,F,900,F,980,F,1070,F,1170,F,1280,F,1380,F,1500,F,1640,F,1780,F,1930,F,2070,F,2266,F,2456,F,2637,F,2997,F,3080,F,3380,F,3610,F,4080,,4228,,4460,,4525,,4787,,4030,,5953,,5176,,5374,,6056,,4509,,5185,,5389,,5038,,5182,,5157,,5502,,5442,,3936.7,,6650,,4453.2,,2987,,4782,,6264,,11033.808,,10315.436,,11054.74,,11011.672,,10235.418,F,9426.914,F,9849.679,F,10088.171,F,11709.301,F,10122.296,F,2882.19,
Europe,Marine areas,Brackishwater,Molluscs,Molluscs,0,-,0,-,0,-,0,-,0,-,0,-,5,F,25,F,25,F,100,F,250,F,400,F,500,F,500,F,750,F,1000,F,1200,F,3000,F,3000,F,3500,F,6000,F,9500,,6000,F,5000,F,10000,F,15000,,17105,F,18697,F,20289,F,21882,F,23474,F,30066,F,31658,F,33250,F,35000,,38001,,39030,,39416,,48034,,48716,,58880,,72280,,69388,,64594,,76063,,102652,,80966,,81618,,93578,,96754,,100448,,102768,,44030,,26884,,32242,,80434,,33597,,71324,,30951.27,,33829.857,F,39216.7,,34520.651,,22668.8,,26838.479,,38077.556,,38344.598,F,39622.949,F,38559.029,F,34016.2,
Europe,Marine areas,Marine,Aquatic plants,Aquatic plants,0,-,0,-,0,-,0,-,0,-,0,-,0,-,0,-,0,-,0,-,0,-,0,-,0,-,0,-,0,-,0,-,0,-,0,-,0,-,0,-,0,-,0,-,0,-,0,-,0,-,0,-,0,-,0,-,0,-,0,-,0,-,0,-,0,-,0,-,0,-,6,,0,-,6,F,5010,,3113,,5394,,9795,,1352,,1570,,2587,,6660,,472,,6657,,3095,,3032,,3040,,539,,181,,104,,253,,290,,851.2,,363.4,,1326.1,F,1869.5,F,2058.25,,2329.841,,3098.781,,2789.3,,3102.583,,2750.822,,1901.367,,2253.922,,5294.829,
Europe,Marine areas,Marine,Crustaceans,Crustaceans,0,.,0,.,0,.,0,.,0,.,0,.,0,.,0,.,0,.,0,.,0,.,0,.,0,.,0,.,0,.,0,.,0,.,0,.,0,.,0,.,0,.,0,.,0,.,0,.,0,.,0,.,0,.,0,.,0,.,0,.,0,.,0,.,0,.,0,.,0,-,56,,16,,153,,134,,130,,203,,94,,154,,186,,165,,168,,230,,311,,199,,146,,118,,136,,151,,138,,70,,83,,122,,78,,133,,222.77,,111,,208.176,,44.335,,8.772,,21.126,,26.474,,21.403,,26.076,,37.966,
Europe,Marine areas,Marine,Diadromous fishes,Diadromous fishes,0,-,0,-,0,-,0,-,0,-,0,-,0,-,200,,0,-,1000,,1900,,900,,200,,100,,601,,202,,204,,318,,365,,427,,724,,752,,1155,,1614,,2765,,3018,,3762,,4211,,6531,,8440,,9685,,15757,,19190,,28315,,35392,,49231,,71214,,83198,,128367,,171665,,218200,,243323,,210489,,259668,,322853,,383610,,452600,,516295,,570269,,677632,,684816,,732145,,780520,,816563,,863478,,829761,,874049,,1006219,,1025334.91,,1170541.925,,1231724.6,,1378261.851,,1583045.18,,1530260.9,,1637009.479,,1672365.745,,1614896.982,,1631195.925,,1644458.139,
Europe,Marine areas,Marine,Freshwater fishes,Freshwater fishes,0,.,0,.,0,.,0,.,0,.,0,.,0,.,0,.,0,.,0,.,0,.,0,.,0,.,0,.,0,.,0,.,0,.,0,.,0,.,0,.,0,.,0,.,0,.,0,.,0,.,0,.,0,.,0,.,0,.,0,.,0,.,0,.,0,.,0,.,0,.,0,.,0,.,0,.,0,.,0,.,0,.,0,.,0,.,0,.,0,.,0,.,0,.,0,.,0,.,0,.,0,.,0,.,0,.,0,.,0,.,0,.,0,.,0,.,0,.,2.577,,2.5,,1.971,,0,-,0,-,0,-,0,-,0,-,0,.,0,.
Europe,Marine areas,Marine,Marine fishes,Marine fishes,0,-,0,-,0,-,0,-,0,-,0,-,0,-,0,-,0,-,0,-,0,-,0,-,0,-,0,-,0,-,0,-,0,-,0,-,0,-,0,-,0,-,0,-,0,-,0,-,0,-,0,-,0,-,0,-,2,F,8,F,21,F,25,F,78,F,107,F,159,,634,,1095,,1064,,1494,,3014,,5484,,8183,,15547,,21810,,27776,,37029,,45000,,56710,,72509,,94428,,107690,,113996,,108488,,131663,,123310,,145080,,160748,,177070,,181259.77,,190232.084,,190745,,176018.951,,173090.405,,170216.065,,164647.568,,165168.566,,179930.63,,192942.435,,206727.011,
Europe,Marine areas,Marine,Miscellaneous aquatic animals,Miscellaneous aquatic animals,0,-,0,-,0,-,0,-,0,-,0,-,0,-,0,-,0,-,0,-,0,-,0,-,0,-,0,-,0,-,0,-,0,-,0,-,0,-,0,-,0,-,0,-,0,-,0,-,0,-,0,-,0,-,0,-,0,-,0,-,0,-,0,-,0,-,0,-,0,-,0,-,0,-,0,-,2,,2,F,2,F,0,-,0,-,0,-,0,-,0,-,0,-,74,,30,,0,-,0,-,5,,0,-,0,-,4,,0,-,0,-,0,-,0,-,46,,175.5,F,246.5,,319.5,,345.5,,924.308,,912.565,,1789.25,,2140.445,,2630.18,
Europe,Marine areas,Marine,Molluscs,Molluscs,144580,,166570,,152580,,182300,,156190,,183660,,163185,,177715,,180945,,195645,,206510,,216855,,261960,,264590,,278950,,288760,,263230,,255890,,295750,,308620,,354905,,332401,,412868,,408891,,418807,,459833,,432626,,494467,,526435,,490338,,493260,,526831,,561931,,575145,,572760,,635327,,629424,,632473,,616320,,579528,,586142,,559093,,523492,,496493,,561777,,591244,,635840,,630358,,726291,,731127,,682086,,643552,,622976,,682494,,665731,,599067,,662610,,622995,,584175.688,,623561.302,,565189.185,,584009.871,,556619.309,,514319.928,,562619.335,,570820.073,,572023.189,F,599688.431,F,645778.965,
Oceania,Inland waters,Brackishwater,Crustaceans,Crustaceans,0,.,0,.,0,.,0,.,0,.,0,.,0,.,0,.,0,.,0,.,0,.,0,.,0,.,0,.,0,.,0,.,0,.,0,.,0,.,0,.,0,.,0,.,0,.,0,.,0,.,0,.,0,.,0,.,0,.,0,.,0,.,0,.,0,.,0,.,0,.,0,.,0,.,1,,1,,1,,0,0,0,0,0,0,0,0,0,0,0,0,0,0,0,0,0,0,0,0,0,0,0,0,0,0,0,0,0,-,0,-,0,-,0,-,0,-,0,-,0,-,0,-,0,-,0,-,0,-,0,-,0,.,0,.,0,.
Oceania,Inland waters,Brackishwater,Freshwater fishes,Freshwater fishes,0,.,0,.,0,.,0,.,0,.,0,.,0,.,0,.,0,.,0,.,0,.,0,.,0,.,0,.,0,.,0,.,0,.,0,.,0,.,0,.,0,.,0,.,0,.,0,.,0,.,0,.,0,.,0,.,0,.,0,.,0,.,0,.,0,.,0,.,1,,1,,0,0,0,0,2,,1,,1,,1,,1,,2,F,2,F,2,F,0,0,0,0,0,-,0,-,1,,1,,0,-,0,-,0,-,0,-,0,-,0,-,0,-,0,-,0,-,0,-,0,-,0,-,0,-,0,.,0,.,0,.,0,.
Oceania,Inland waters,Freshwater,Crustaceans,Crustaceans,0,.,0,.,0,.,0,.,0,.,0,.,0,.,0,.,0,.,0,.,0,.,0,.,0,.,0,.,0,.,0,.,0,.,0,.,0,.,0,.,0,-,0,-,0,-,0,-,0,-,0,-,2,,3,,3,,4,,7,,7,,16,,8,,51,,19,,22,,30,,39,,225,,128,,154,,188,,302,,487,,433,,346,,348,,371,,374,,419,,435,,322,,584,,288,,310,,262,,323,,259,,227.45,,210.77,,204.03,,162.7,,159.271,,147.298,,161.915,,156.046,,165.319,,181.231,
Oceania,Inland waters,Freshwater,Diadromous fishes,Diadromous fishes,0,-,0,-,0,-,0,-,0,-,0,-,0,-,0,-,0,-,0,-,0,-,0,-,0,-,0,-,0,-,0,-,0,-,0,-,0,-,0,-,0,0,0,0,0,0,0,0,0,0,4,F,141,F,273,F,400,F,524,F,643,F,758,F,870,F,980,F,990,,1051,,746,,1319,,1667,,1600,,1467,,1616,,2056,,1855,,1985,,1975,,2128,,2274,,2456,,1980,,2382,,2625,,1975,,48,F,70,,324,,290,,90,,64.3,F,205.7,,832.53,,977.03,,1505.33,,836.27,,1400.71,,2021.01,,1767.16,,2032.37,,2302.72,
Oceania,Inland waters,Freshwater,Freshwater fishes,Freshwater fishes,0,.,0,.,0,.,0,.,0,.,0,.,0,.,0,.,0,.,0,.,0,.,0,.,0,.,0,.,0,.,0,.,0,.,0,.,0,.,0,.,0,-,0,-,0,-,0,-,0,-,0,-,0,-,0,-,0,-,1,,3,,10,,41,,34,,33,,74,,161,,134,,144,,157,,185,,241,,280,,312,,285,,287,F,367,F,680,,728,,939,,1011,,953,,1220,,1121,,1178,,1176,F,1822,,1709.7,F,1881.9,F,2562.302,F,2862.676,,2620.06,,2515.97,F,2658.677,F,2650.361,F,2846.872,F,3133.91,F,2999.277,,3109.249,F
Oceania,Marine areas,Brackishwater,Aquatic plants,Aquatic plants,0,.,0,.,0,.,0,.,0,.,0,.,0,.,0,.,0,.,0,.,0,.,0,.,0,.,0,.,0,.,0,.,0,.,0,.,0,.,0,.,0,.,0,.,0,.,0,.,0,.,0,.,0,.,0,.,0,.,0,.,0,.,0,.,0,.,0,.,0,.,0,.,0,.,0,.,0,.,0,.,0,.,0,.,0,.,0,.,0,.,0,.,0,.,0,.,0,.,0,.,50,F,50,,50,,50,,30,,80,,0,0,0,.,300,F,300,F,300,F,300,F,300,F,132,,87,,54,,21,,20,F,20,F
Oceania,Marine areas,Brackishwater,Crustaceans,Crustaceans,0,-,0,-,0,-,0,-,0,-,0,-,0,-,0,-,0,-,0,-,0,-,0,-,0,-,0,-,0,-,0,-,0,-,0,-,0,-,0,-,0,-,0,-,0,-,0,-,0,-,0,-,0,-,0,-,0,-,0,-,0,-,0,-,1,,0,-,3,,18,,22,,10,,128,,177,,601,,195,,928,,1153,,1560,,1728,,1713,,1519,,1494,,2537,,2979,,2886,,3782,,3376,,3745,,3280,,3601,,3332,,3153,,4034,,5364.55,,4027,,4085.13,,3799.7,,3842.6,,5347.484,,4685.977,,4680.19,,4251.1,
Oceania,Marine areas,Brackishwater,Diadromous fishes,Diadromous fishes,0,-,0,-,0,-,0,-,0,-,0,-,0,-,0,-,0,-,0,-,0,-,0,-,0,-,0,-,0,-,0,-,0,-,0,-,0,-,0,-,0,-,0,-,0,-,0,-,0,-,0,-,0,-,0,-,0,-,0,-,0,-,0,-,0,-,0,-,57,,60,F,80,,75,F,96,F,95,F,114,F,287,,385,,469,,607,,473,,806,,809,,1002,,895,,897,,1006.4,,1229,,1860,,1575,,1841,,2314.8,,2819,,3528.44,,3026.36,,3683.974,,4386.47,,4516.3,,3603.65,,3475.13,,3804.9,,3575.41,,4146.35,,5701.04,
Oceania,Marine areas,Brackishwater,Freshwater fishes,Freshwater fishes,0,.,0,.,0,.,0,.,0,.,0,.,0,.,0,.,0,.,0,.,0,.,0,.,0,.,0,.,0,.,0,.,0,.,0,.,0,.,0,.,0,.,0,.,0,.,0,.,0,.,0,.,0,.,0,.,0,.,0,.,0,.,0,.,0,.,0,.,0,.,0,.,0,.,0,.,0,.,0,.,0,.,0,.,0,.,0,.,0,.,0,.,0,.,0,.,0,.,0,.,0,.,0,.,0,.,0,.,0,.,0,.,0,.,0,.,0,.,0,.,0,.,0,.,0,.,1.912,,2.781,,0,.,0,.,0,.,0,.
Oceania,Marine areas,Brackishwater,Marine fishes,Marine fishes,0,.,0,.,0,.,0,.,0,.,0,.,0,.,0,.,0,.,0,.,0,.,0,.,0,.,0,.,0,.,0,.,0,.,0,.,0,.,0,.,0,.,0,.,0,.,0,.,0,.,0,.,0,.,0,.,0,.,0,.,0,.,0,.,0,.,0,.,0,-,0,-,0,-,1,,1,,0,-,0,0,1,,0,0,0,0,4,,5,F,5,F,5,F,5,F,7,F,7,F,7,F,7,F,0,-,0,-,0,-,0,-,0,-,0,-,0,-,0,-,0,-,0,-,0,-,0,-,0,-,0,-,0,-,1,F
Oceania,Marine areas,Brackishwater,Molluscs,Molluscs,0,.,0,.,0,.,0,.,0,.,0,.,0,.,0,.,0,.,0,.,0,.,0,.,0,.,0,.,0,.,0,.,0,.,0,.,0,.,0,.,0,.,0,.,0,.,0,.,0,.,0,.,0,.,0,.,0,.,0,.,0,.,0,.,0,.,0,.,0,.,0,.,0,.,31,,44,F,30,F,37,,46,,33,,30,,35,,0,0,35,,26,,26,,27,,0,0,0,0,116,,0,0,0,.,0,.,0,.,0,.,0,.,0,.,0,.,0,.,0,.,0,.,0,.,0,.,0,.,0,.,0,.
Oceania,Marine areas,Marine,Aquatic plants,Aquatic plants,0,-,0,-,0,-,0,-,0,-,0,-,0,-,0,-,0,-,0,-,0,-,0,-,0,-,0,-,0,-,0,-,0,-,0,-,0,-,0,-,0,-,0,-,0,-,0,-,0,-,0,-,0,-,0,-,0,-,0,-,0,-,0,-,0,-,0,-,0,-,835,,10151,,11175,,5412,,7193,,11380,,11618,,5872,,3282,,3168,,5248,,9480,,7376,,8038,,24486,,16374,,12464,,5054,,4554,,6065.2,F,8058.8,F,11380.6,,2627.6,,2901.7,,6256.6,,12509,,12207.6,,17230.4,,17032,,19292.4,,20352,F,18782,,13280,F,14020,F
Oceania,Marine areas,Marine,Crustaceans,Crustaceans,0,.,0,.,0,.,0,.,0,.,0,.,0,.,0,.,0,.,0,.,0,.,0,.,0,.,0,.,0,.,0,.,0,.,0,.,0,.,0,.,0,.,0,.,0,.,0,.,0,.,0,.,0,.,0,.,0,.,0,.,0,.,0,.,0,.,16,,55,,96,,83,,133,,380,,658,,606,,1334,,797,,705,,765,,905,,1019,,1170,,1630,,1878,,1785,,1896,,1889,,1752,,2271,,2499,,2327,,1889,,2085.5,,1899,,1195,,1593.3,,1713.7,,1652.2,,1725,,1345.1,,1689.6,,1570.7,,1625,
Oceania,Marine areas,Marine,Diadromous fishes,Diadromous fishes,0,.,0,.,0,.,0,.,0,.,0,.,0,.,0,.,0,.,0,.,0,.,0,.,0,.,0,.,0,.,0,.,0,.,0,.,0,.,0,.,0,-,0,-,0,-,0,-,0,-,0,-,0,-,0,-,0,-,0,-,0,-,0,-,0,-,0,-,67,,130,F,502,F,900,F,2131,,3851,,4803,,5742,,6504,,7205,,7802,,10995,,13857,,11850,,12571,,14598,,16601,,20626,,21356,,20013,,21673,,24281,,28432,,34741,,34834.9,,42301.8,,44106.79,,50046.24,,55214.2,,54262.21,,51369.16,,59160.06,,67582.7,,65830.7,,75583.5,
Oceania,Marine areas,Marine,Marine fishes,Marine fishes,0,-,0,-,0,-,0,-,0,-,0,-,0,-,0,-,0,-,0,-,0,-,0,-,0,-,0,-,0,-,0,-,0,-,0,-,0,-,0,-,0,-,0,-,0,-,0,-,0,-,0,-,0,-,0,-,0,-,0,-,0,-,0,-,0,-,0,-,0,-,0,-,0,-,0,-,0,-,0,-,0,-,0,-,335,,636,,1275,,1927,,2013,,2184,,1701,,1602,,2732,,4079,,4167,,3906,,5966,,4740,,6075,,5392,,8498,,13733.107,,12932.091,,9431.81,,8635.24,,8384.21,,8136.41,,9540.1,,10941.85,,10431.4,,10526.57,
Oceania,Marine areas,Marine,Miscellaneous aquatic animal products,Miscellaneous aquatic animal products,0,.,0,.,0,.,0,.,0,.,0,.,0,.,0,.,0,.,0,.,0,.,0,.,0,.,0,.,0,.,0,.,0,.,0,.,0,.,0,.,0,.,0,.,0,.,0,.,0,.,0,.,0,.,0,.,0,.,0,.,0,.,0,.,0,.,0,.,0,.,50.206,F,92.104,,36,,77,,27,,30,,14,,10.9,,395.206,,561.96,,510.699,,549.38,,773.188,,575.001,,952.842,,770.667,,876.624,,1284.841,,1954.058,,1849.303,,2900.478,,2420.386,,2210.472,,1902.685,,1866.39,,2145.438,,2867.721,,2573.558,,2609.975,,1984.758,,1798.696,,1217.79,,1210.003,F,1210,F
Oceania,Marine areas,Marine,Miscellaneous aquatic animals,Miscellaneous aquatic animals,0,.,0,.,0,.,0,.,0,.,0,.,0,.,0,.,0,.,0,.,0,.,0,.,0,.,0,.,0,.,0,.,0,.,0,.,0,.,0,.,0,.,0,.,0,.,0,.,0,.,0,.,0,.,0,.,0,.,0,.,0,.,0,.,0,.,0,.,0,.,0,.,0,.,0,.,0,.,0,.,0,.,0,.,0,.,0,.,0,.,0,.,0,.,0,.,0,.,0,.,0,.,0,.,0,.,0,.,0,.,0,.,0,.,0,.,0,.,0,.,0,.,0,.,0,.,0,.,0,.,0,.,0,.,0,.,100,
Oceania,Marine areas,Marine,Molluscs,Molluscs,4000,,4100,,4400,,4900,,6000,,6300,,6500,,7100,,7700,,8600,,8500,,7500,,8400,,7800,,7700,,9000,,9100,,9100,,9300,,8800,,8421,,11700,,13300,,11900,,13022,,11271,,12956,,12256,,11674,,10961,,11571,,11425,,14504,,17798,,18640,,20154,,24722,,26740,,36736,,34631,,34063,,54514,,57675,,59445,,56879,,75513,,79484,,84386,,98696,,100081,,92673,,81096,,92033,,93267,,102669,,113025,,115647,,120657.5,,120740.91,,110933.324,,116610.339,,120788.71,,104624.121,,101946.535,,114684.116,,94315.505,,111817.72,,118271.51,,101904.32,
